date,min,max,pm25,q1,q3,stdev,count
2023-09-19T00:00:00.000Z,0.7,2.65,1.52,1.25,1.8,0.378,343
2023-09-20T00:00:00.000Z,0.7,3.03,1.67,1.4,2.1,0.51,549
2023-09-21T00:00:00.000Z,1.1,3.85,2.08,1.63,2.67,0.586,582
2023-09-22T00:00:00.000Z,0.32,4.95,2.2,1.7,3.65,1.218,576
2023-09-23T00:00:00.000Z,0.2,3.63,0.88,0.5,1.6,0.713,587
2023-09-24T00:00:00.000Z,0.3,2.5,1,0.65,1.42,0.464,576
2023-09-25T00:00:00.000Z,0.5,2.6,1.52,0.9,1.9,0.52,589
2023-09-26T00:00:00.000Z,1.42,5.78,3.2,2.1,4.21,1.099,565
2023-09-27T00:00:00.000Z,3.42,8.63,5.2,4.72,6.03,0.982,562
2023-09-28T00:00:00.000Z,1.8,13.48,8.15,3.8,9.85,3.275,587
2023-09-29T00:00:00.000Z,1,6.78,2.8,1.88,4.47,1.394,587
2023-09-30T00:00:00.000Z,0.7,3.4,1.58,1.17,2.29,0.658,576
2023-10-01T00:00:00.000Z,0.7,5.72,1.58,1.2,2.34,0.776,532
2023-10-02T00:00:00.000Z,1.23,8.8,3.6,2.22,5.09,1.918,555
2023-10-03T00:00:00.000Z,0.35,11.52,5.46,1.55,7.05,3.021,574
2023-10-04T00:00:00.000Z,0.82,3.9,2.27,1.5,2.72,0.709,576
2023-10-05T00:00:00.000Z,0.3,5.32,1.1,0.75,1.58,1.07,575
2023-10-06T00:00:00.000Z,0.4,3.28,1.92,1.2,2.33,0.694,567
2023-10-07T00:00:00.000Z,0.1,3.88,0.4,0.3,1.1,0.97,567
2023-10-08T00:00:00.000Z,0.1,7.18,0.4,0.3,1.12,0.776,567
2023-10-09T00:00:00.000Z,0.3,1.63,0.8,0.7,1,0.231,555
2023-10-10T00:00:00.000Z,0.6,7.63,1.4,1.12,2.2,1.475,538
2023-10-11T00:00:00.000Z,0.6,12.93,5.6,2.1,7.95,3.275,564
2023-10-12T00:00:00.000Z,0.77,2.97,1.7,1.33,2,0.431,561
2023-10-13T00:00:00.000Z,1.05,6.75,2.2,1.7,4.2,1.442,557
2023-10-14T00:00:00.000Z,0.43,2.38,1.3,1.01,1.52,0.355,569
2023-10-15T00:00:00.000Z,0.2,2.58,0.9,0.68,1.3,0.453,578
2023-10-16T00:00:00.000Z,0.1,1.67,0.44,0.3,0.65,0.251,566
2023-10-17T00:00:00.000Z,0.2,3,0.56,0.45,0.7,0.245,560
2023-10-18T00:00:00.000Z,0.08,11.7,0.7,0.4,0.82,1.074,560
2023-10-19T00:00:00.000Z,0.2,1.33,0.6,0.4,0.8,0.239,561
2023-10-20T00:00:00.000Z,0.2,2.15,0.82,0.5,1.14,0.378,582
2023-10-21T00:00:00.000Z,0,1.1,0.32,0.2,0.45,0.179,582
2023-10-22T00:00:00.000Z,0.56,3.28,1.2,0.96,1.6,0.483,581
2023-10-23T00:00:00.000Z,0.22,1.27,0.6,0.47,0.7,0.184,589
2023-10-24T00:00:00.000Z,0.1,3.25,0.55,0.4,0.74,0.496,581
2023-10-25T00:00:00.000Z,0.1,1.1,0.5,0.32,0.6,0.199,577
2023-10-26T00:00:00.000Z,0.3,2.2,0.9,0.7,1.08,0.29,586
2023-10-27T00:00:00.000Z,0.2,1.27,0.55,0.45,0.65,0.148,572
2023-10-28T00:00:00.000Z,0.5,1.63,1,0.8,1.2,0.236,584
2023-10-29T00:00:00.000Z,0.4,3.05,1.3,0.9,1.7,0.594,575
2023-10-30T00:00:00.000Z,0.28,3.17,0.85,0.6,1.08,0.391,586
2023-10-31T00:00:00.000Z,0,1.4,0.47,0.28,0.9,0.36,585
2023-11-01T00:00:00.000Z,0,1.45,0.2,0.15,0.4,0.29,564
2023-11-02T00:00:00.000Z,0.7,4.07,1.7,1.35,2.21,0.737,548
2023-11-03T00:00:00.000Z,0.68,4.4,1.58,1.1,3.3,1.126,579
2023-11-04T00:00:00.000Z,0.6,2,1.14,0.98,1.45,0.294,591
2023-11-05T00:00:00.000Z,0.65,3.67,1.48,1.2,1.8,0.461,588
2023-11-06T00:00:00.000Z,0.4,2.4,1.1,0.9,1.33,0.334,572
2023-11-07T00:00:00.000Z,0.55,3.05,1.44,1.14,2,0.546,572
2023-11-08T00:00:00.000Z,0.4,2.83,1.3,0.8,1.6,0.486,579
2023-11-09T00:00:00.000Z,0.25,2.1,0.8,0.6,1.05,0.354,545
2023-11-10T00:00:00.000Z,0.4,1.83,1.02,0.8,1.25,0.291,570
2023-11-11T00:00:00.000Z,0.6,8.5,1.14,0.93,2.42,1.773,581
2023-11-12T00:00:00.000Z,0.6,3.67,0.9,0.77,1.09,0.413,356
2023-11-13T00:00:00.000Z,0.3,4.75,1.14,0.6,2.49,1.189,581
2023-11-14T00:00:00.000Z,0.38,1.67,0.9,0.7,1.1,0.283,579
2023-11-15T00:00:00.000Z,0.17,1.03,0.5,0.38,0.6,0.183,579
2023-11-16T00:00:00.000Z,0,6.63,0.43,0.2,1.51,0.856,585
2023-11-17T00:00:00.000Z,0.1,1.3,0.5,0.3,0.77,0.284,575
2023-11-18T00:00:00.000Z,0.65,1.98,1.2,1,1.35,0.241,566
2023-11-19T00:00:00.000Z,0.56,3.83,1.83,1.3,2.33,0.708,582
2023-11-20T00:00:00.000Z,2.15,4.3,3.08,2.72,3.42,0.449,580
2023-11-21T00:00:00.000Z,1.23,5.63,2.6,2.2,2.85,0.55,576
2023-11-22T00:00:00.000Z,0.4,2.58,1.1,0.8,1.5,0.446,583
2023-11-23T00:00:00.000Z,0.3,2.7,1.1,0.8,1.42,0.416,587
2023-11-24T00:00:00.000Z,0.17,2.43,0.52,0.4,0.8,0.335,583
2023-11-25T00:00:00.000Z,0.2,1.5,0.52,0.4,0.7,0.174,579
2023-11-26T00:00:00.000Z,0.4,1.5,0.9,0.7,1.02,0.233,566
2023-11-27T00:00:00.000Z,0.3,2.63,0.8,0.6,1.33,0.502,553
2023-11-28T00:00:00.000Z,0.6,4.4,1.19,1,1.88,0.811,588
2023-11-29T00:00:00.000Z,0.75,3.95,1.6,1.27,2.29,0.668,588
2023-11-30T00:00:00.000Z,0.35,2.83,1,0.7,1.7,0.587,591
2023-12-01T00:00:00.000Z,0.5,2.25,1.3,1.1,1.58,0.304,580
2023-12-02T00:00:00.000Z,0.63,4.05,1.63,1,2.19,0.706,521
2023-12-03T00:00:00.000Z,0.82,2.63,1.67,1.35,1.85,0.344,582
2023-12-04T00:00:00.000Z,1.14,3.65,2.2,1.8,2.63,0.562,587
2023-12-05T00:00:00.000Z,0.68,3.6,2.02,1.6,2.52,0.641,578
2023-12-06T00:00:00.000Z,1.88,6.65,3.97,3.22,5.24,1.218,589
2023-12-07T00:00:00.000Z,1.5,10.52,3.8,2.8,5.42,2.079,584
2023-12-08T00:00:00.000Z,3.42,11.5,7.69,6.13,9.77,1.977,588
2023-12-09T00:00:00.000Z,2.9,11,8.3,6.15,9.27,2.081,587
2023-12-10T00:00:00.000Z,2.08,8.1,4.93,3.54,5.95,1.469,589
2023-12-11T00:00:00.000Z,0.5,4.07,1.3,1,1.7,0.672,579
2023-12-12T00:00:00.000Z,0.75,2.33,1.52,1.4,1.67,0.232,588
2023-12-13T00:00:00.000Z,0.8,2.95,1.6,1.4,1.88,0.394,591
2023-12-14T00:00:00.000Z,0.52,3.63,1.4,1.1,1.77,0.613,586
2023-12-15T00:00:00.000Z,1.12,4.38,2.25,1.9,2.78,0.648,589
2023-12-16T00:00:00.000Z,0.9,3.9,2.1,1.6,2.54,0.605,588
2023-12-17T00:00:00.000Z,0.8,4.28,1.8,1.48,2.13,0.486,590
2023-12-18T00:00:00.000Z,0.56,2.6,1.02,0.9,1.23,0.339,586
2023-12-19T00:00:00.000Z,0.3,1.9,0.93,0.8,1.14,0.272,578
2023-12-20T00:00:00.000Z,0.2,2.54,1,0.73,1.5,0.496,588
2023-12-21T00:00:00.000Z,0.15,6.47,1.2,0.73,2,0.842,591
2023-12-22T00:00:00.000Z,0.2,2.67,1.02,0.65,1.38,0.459,586
2023-12-23T00:00:00.000Z,0.1,1.75,0.6,0.45,0.75,0.247,589
2023-12-24T00:00:00.000Z,0.3,2.42,0.77,0.6,0.95,0.321,580
2023-12-25T00:00:00.000Z,0.9,3.58,2,1.58,2.38,0.535,590
2023-12-26T00:00:00.000Z,0.1,2.02,0.8,0.59,1.1,0.365,488
2023-12-27T00:00:00.000Z,0.8,5.35,1.52,1.3,1.8,0.481,589
2023-12-28T00:00:00.000Z,0.8,4.38,1.75,1.5,2.25,0.689,585
2023-12-29T00:00:00.000Z,0.32,3.72,1.55,1.1,2.08,0.701,573
2023-12-30T00:00:00.000Z,0.1,3.63,1.2,0.8,1.5,0.538,589
2023-12-31T00:00:00.000Z,0.6,6.72,1.6,1,2,0.819,580
2024-01-01T00:00:00.000Z,0.1,6.82,4.5,2.96,4.97,1.729,581
2024-01-02T00:00:00.000Z,0,1.38,0.2,0.1,0.5,0.295,484
2024-01-03T00:00:00.000Z,0,2.02,0.5,0.3,0.8,0.327,573
2024-01-04T00:00:00.000Z,0.1,1.7,0.7,0.47,0.93,0.316,585
2024-01-05T00:00:00.000Z,0.5,5.35,2.47,1,3.38,1.229,578
2024-01-06T00:00:00.000Z,0.56,2.67,1.12,1,1.3,0.325,581
2024-01-07T00:00:00.000Z,0.6,3.6,1.92,1.02,2.6,0.827,566
2024-01-08T00:00:00.000Z,0.35,2.9,1.39,0.98,1.8,0.541,586
2024-01-09T00:00:00.000Z,0.43,3.2,1,0.8,1.5,0.649,588
2024-01-10T00:00:00.000Z,0.65,2.67,1.4,1.25,1.63,0.317,587
2024-01-11T00:00:00.000Z,0.6,22.02,1.7,1.08,2.63,2.663,590
2024-01-12T00:00:00.000Z,0.9,3.17,1.95,1.6,2.33,0.469,588
2024-01-13T00:00:00.000Z,0.2,3.28,1.3,0.7,1.8,0.722,590
2024-01-14T00:00:00.000Z,0.3,2.58,1,0.8,1.25,0.367,584
2024-01-29T00:00:00.000Z,1.08,3,1.8,1.58,2.04,0.342,583
2024-01-30T00:00:00.000Z,1.5,7.05,4.45,3.83,4.97,1.04,585
2024-01-31T00:00:00.000Z,0.43,4,1.3,1,1.8,0.724,591
2024-02-01T00:00:00.000Z,0.75,4.13,2.22,1.85,2.65,0.583,556
2024-02-02T00:00:00.000Z,0.82,3.42,1.72,1.37,2.1,0.486,544
2024-02-03T00:00:00.000Z,0.8,3.95,1.73,1.48,2.08,0.507,572
2024-02-04T00:00:00.000Z,0.28,3.03,1.85,1.45,2.1,0.556,573
2024-02-05T00:00:00.000Z,0.1,2,0.68,0.5,1,0.344,589
2024-02-06T00:00:00.000Z,0,1.9,0.47,0.1,0.7,0.347,586
2024-02-07T00:00:00.000Z,0.2,2,0.6,0.5,0.88,0.299,584
2024-02-08T00:00:00.000Z,0.1,1.8,0.55,0.4,0.75,0.302,559
2024-02-09T00:00:00.000Z,0.17,1.8,0.5,0.4,0.88,0.336,578
2024-02-10T00:00:00.000Z,0.35,2.9,1.9,1.2,2.27,0.671,579
2024-02-11T00:00:00.000Z,0.4,2.3,1.39,1.12,1.6,0.334,584
2024-02-12T00:00:00.000Z,0.13,1.45,0.5,0.4,0.7,0.268,587
2024-02-13T00:00:00.000Z,0.8,2.95,1.58,1.35,1.8,0.337,582
2024-02-14T00:00:00.000Z,0.5,3.33,1.65,1.02,2.1,0.664,589
2024-02-15T00:00:00.000Z,0.5,3.33,1.3,0.9,2.25,0.743,577
2024-02-16T00:00:00.000Z,0.3,3.65,1.2,0.9,1.6,0.574,585
2024-02-17T00:00:00.000Z,0,1.25,0.4,0.28,0.63,0.262,588
2024-02-18T00:00:00.000Z,0.2,2.2,1,0.6,1.49,0.493,588
2024-02-19T00:00:00.000Z,0.2,3.22,0.82,0.5,2.1,0.84,589
2024-02-20T00:00:00.000Z,0.56,5.9,1.77,1.25,2.5,0.979,589
2024-02-21T00:00:00.000Z,0.65,3.63,1.4,1.1,1.94,0.662,588
2024-02-22T00:00:00.000Z,0.4,2.54,0.98,0.73,1.8,0.558,581
2024-02-23T00:00:00.000Z,0.17,1.4,0.7,0.5,0.8,0.235,590
2024-02-24T00:00:00.000Z,0.2,1.48,0.56,0.4,0.73,0.236,587
2024-02-25T00:00:00.000Z,0.3,1.8,0.6,0.5,1.1,0.369,584
2024-02-26T00:00:00.000Z,0.5,5.22,1.3,1.14,1.52,0.411,582
2024-02-27T00:00:00.000Z,0.9,3,1.45,1.2,1.8,0.487,588
2024-02-28T00:00:00.000Z,0.63,4.09,1.77,1.42,2.54,0.814,589
2024-02-29T00:00:00.000Z,1.2,4.75,2.75,2.5,3.5,0.752,591
2024-03-01T00:00:00.000Z,3.83,17.14,11.5,6.14,13.73,4.069,520
2024-03-02T00:00:00.000Z,9.07,29.33,14.3,12.38,17,2.552,583
2024-03-03T00:00:00.000Z,6.45,20.2,10.65,8.73,12.15,2.206,587
2024-03-04T00:00:00.000Z,1.52,7.32,3.94,2.79,5.53,1.522,584
2024-03-05T00:00:00.000Z,1.38,4.53,2.78,2.27,3.5,0.692,582
2024-03-06T00:00:00.000Z,1.33,4.03,2.47,2.02,2.97,0.612,580
2024-03-07T00:00:00.000Z,1.08,41.58,1.87,1.6,2.29,4.808,566
2024-03-08T00:00:00.000Z,0.38,3.72,1.1,0.8,1.33,0.755,574
2024-03-09T00:00:00.000Z,0.2,3,1,0.7,1.2,0.533,573
2024-03-10T00:00:00.000Z,1.35,5.43,2.85,2.4,3.47,0.763,582
2024-03-11T00:00:00.000Z,1.35,3.7,2.54,2.2,2.8,0.411,556
2024-03-12T00:00:00.000Z,1.12,6.85,1.83,1.58,2.2,0.485,582
2024-03-13T00:00:00.000Z,2.17,7.45,4.43,2.9,5.72,1.4,585
2024-03-14T00:00:00.000Z,1.45,5.3,3.03,2.2,3.58,0.836,581
2024-03-15T00:00:00.000Z,0.82,11.27,2.02,1.77,2.4,0.861,582
2024-03-16T00:00:00.000Z,0.2,3.17,1.83,0.9,2.2,0.753,586
2024-03-17T00:00:00.000Z,0,0.88,0.28,0.1,0.4,0.186,564
2024-03-18T00:00:00.000Z,0.1,1.35,0.4,0.3,0.55,0.191,586
2024-03-19T00:00:00.000Z,0.2,5.55,1.25,0.5,2.45,1.267,585
2024-03-20T00:00:00.000Z,1.02,5.7,2.52,1.83,3.55,1.091,582
2024-03-21T00:00:00.000Z,0.5,6.32,2.2,1.3,3.2,1.184,587
2024-03-22T00:00:00.000Z,0.65,5.57,2.63,2,3.75,1.038,508
2024-03-23T00:00:00.000Z,0.3,4.13,1.5,0.8,1.82,0.692,541
2024-03-24T00:00:00.000Z,0.5,4.78,1.1,0.9,1.4,0.558,571
2024-03-25T00:00:00.000Z,0.45,3.83,1.3,0.9,1.58,0.429,588
2024-03-26T00:00:00.000Z,0.4,7.47,1,0.8,1.55,0.712,590
2024-03-27T00:00:00.000Z,1.55,6.78,3.05,2.7,3.58,1.002,590
2024-03-28T00:00:00.000Z,0.63,6.63,2.92,1.8,3.78,1.32,585
2024-03-29T00:00:00.000Z,0.28,1.33,0.7,0.56,0.8,0.171,371
2024-03-30T00:00:00.000Z,0.22,5.6,1,0.7,1.8,0.784,581
2024-03-31T00:00:00.000Z,1.1,7.53,2.8,1.83,5.57,1.924,587
2024-04-01T00:00:00.000Z,1.42,6.35,3.47,2.88,4.38,0.985,536
2024-04-02T00:00:00.000Z,0,200.82,0.25,0.1,0.63,12.67,583
2024-04-03T00:00:00.000Z,0,32.97,0.9,0.6,2.72,5.679,588
2024-04-04T00:00:00.000Z,0.2,1.9,0.7,0.4,0.93,0.332,584
2024-04-05T00:00:00.000Z,0.3,2.52,1.1,0.77,1.45,0.447,583
2024-04-06T00:00:00.000Z,0.7,5.5,2.33,1.48,2.92,0.978,589
2024-04-07T00:00:00.000Z,0.4,2.13,1.1,0.8,1.33,0.353,539
2024-04-08T00:00:00.000Z,0.3,1.6,0.73,0.6,0.9,0.235,572
2024-04-09T00:00:00.000Z,0.3,10.13,1.25,0.8,2.65,1.439,583
2024-04-10T00:00:00.000Z,0.25,2.6,1.1,0.6,1.5,0.568,574
2024-04-11T00:00:00.000Z,0.88,3.63,1.58,1.3,2.12,0.565,561
2024-04-12T00:00:00.000Z,1.17,4.65,2.2,1.83,2.6,0.516,562
2024-04-13T00:00:00.000Z,0.98,7.93,1.88,1.55,2.9,1.248,589
2024-04-14T00:00:00.000Z,0.5,2.58,1.23,1,1.52,0.406,591
2024-04-15T00:00:00.000Z,0.3,1.7,0.73,0.6,0.93,0.262,592
2024-04-16T00:00:00.000Z,0.1,1.27,0.5,0.32,0.6,0.197,590
2024-04-17T00:00:00.000Z,0.1,1.65,0.3,0.2,0.4,0.173,582
2024-04-18T00:00:00.000Z,0.2,1.23,0.4,0.32,0.5,0.16,590
2024-04-19T00:00:00.000Z,0.1,1.42,0.4,0.3,0.5,0.217,586
2024-04-20T00:00:00.000Z,0.6,2,1.1,0.95,1.4,0.284,570
2024-04-21T00:00:00.000Z,0.43,1.8,0.98,0.81,1.1,0.208,588
2024-04-22T00:00:00.000Z,0.4,4.03,0.9,0.8,1,0.208,584
2024-04-23T00:00:00.000Z,0.4,2.17,0.98,0.74,1.21,0.357,577
2024-04-24T00:00:00.000Z,0.4,5.15,1.4,1.02,1.9,0.812,587
2024-04-25T00:00:00.000Z,0.73,165.15,1.5,1.26,2,20.06,589
2024-04-26T00:00:00.000Z,0.68,2.63,1.3,1,1.65,0.426,571
2024-04-27T00:00:00.000Z,0.6,20.38,1.6,1.3,2.48,3.576,588
2024-04-28T00:00:00.000Z,1.2,166.52,2.65,2.22,3.2,12.956,590
2024-04-29T00:00:00.000Z,0.52,3.42,1,0.85,1.52,0.55,589
2024-04-30T00:00:00.000Z,0.22,3.33,0.88,0.6,1.84,0.766,588
2024-05-01T00:00:00.000Z,1.65,6,2.7,2.4,4.25,1.181,555
2024-05-02T00:00:00.000Z,1.4,4.45,2.29,1.92,2.92,0.642,591
2024-05-03T00:00:00.000Z,0.9,3,1.85,1.57,2.29,0.423,592
2024-05-04T00:00:00.000Z,1.08,17.07,1.84,1.42,7.45,5.024,372
2024-05-05T00:00:00.000Z,1.23,13.13,3.23,2.1,4.5,2.546,474
2024-05-06T00:00:00.000Z,0.2,5.97,1.77,1.35,2.21,0.853,589
2024-05-07T00:00:00.000Z,0.56,3.55,1.5,1.25,1.8,0.558,589
2024-05-08T00:00:00.000Z,1.14,4.13,2,1.73,2.5,0.542,590
2024-05-09T00:00:00.000Z,1.7,14.73,2.97,2.4,4.13,2.724,589
2024-05-10T00:00:00.000Z,1.35,5.09,2.95,2.25,3.42,0.76,591
2024-05-11T00:00:00.000Z,0.7,7.65,2.9,2.35,3.58,1.273,590
2024-05-12T00:00:00.000Z,0.32,1.4,0.7,0.6,0.8,0.16,587
2024-05-13T00:00:00.000Z,0.25,4.47,0.7,0.6,0.85,0.287,587
2024-05-14T00:00:00.000Z,0.3,1.7,0.75,0.65,0.94,0.228,592
2024-05-15T00:00:00.000Z,0.8,3.05,1.8,1.4,2.17,0.516,562
2024-05-16T00:00:00.000Z,1.83,5.93,4,3.15,4.43,0.778,581
2024-05-17T00:00:00.000Z,2.17,4.7,3.17,2.83,3.58,0.473,591
2024-05-18T00:00:00.000Z,1.6,4.93,2.9,2.35,3.3,0.595,590
2024-05-19T00:00:00.000Z,1.08,4.22,2,1.6,3.2,0.833,590
2024-05-20T00:00:00.000Z,0.9,4.55,2.04,1.6,2.9,0.798,590
2024-05-21T00:00:00.000Z,0.5,11.95,1.52,0.98,2.5,1.262,592
2024-05-22T00:00:00.000Z,0.55,5.8,3.47,2.54,3.94,1.206,592
2024-05-23T00:00:00.000Z,1.17,9.69,5.35,3.55,6.28,1.978,592
2024-05-24T00:00:00.000Z,1.48,9.05,3.03,2.6,3.7,0.931,587
2024-05-25T00:00:00.000Z,1.9,12.4,5.38,3.28,7.1,2.377,591
2024-05-26T00:00:00.000Z,1.73,8.82,4.44,3.65,5.65,1.41,592
2024-05-27T00:00:00.000Z,1.95,9.02,3.25,2.58,4.59,1.585,590
2024-05-28T00:00:00.000Z,0.82,6.93,2.38,1.5,4.13,1.513,589
2024-05-29T00:00:00.000Z,0.5,3.38,1.7,1.23,2.5,0.697,591
2024-05-30T00:00:00.000Z,1.1,6.3,2.25,1.95,2.72,1.038,591
2024-05-31T00:00:00.000Z,3.35,7.7,5.65,5,6.19,0.84,588
2024-06-01T00:00:00.000Z,3.6,8.3,5.25,4.59,5.97,1.035,555
2024-06-02T00:00:00.000Z,3.78,16.85,5.31,4.84,6.9,2.119,590
2024-06-03T00:00:00.000Z,0.8,47.22,2.33,1.4,4.34,3.558,588
2024-06-04T00:00:00.000Z,0.98,3.6,1.88,1.5,2.29,0.497,589
2024-06-05T00:00:00.000Z,0.6,5.4,2.1,1.77,2.47,0.607,590
2024-06-06T00:00:00.000Z,1.7,6,2.78,2.33,3.4,0.914,587
2024-06-07T00:00:00.000Z,2.25,5.97,3.5,3.1,3.97,0.611,587
2024-06-08T00:00:00.000Z,0.5,8.9,4.79,1.83,6.2,2.257,590
2024-06-09T00:00:00.000Z,0.43,4.68,1.25,0.94,1.98,0.943,588
2024-06-10T00:00:00.000Z,0.93,2.85,1.55,1.4,1.8,0.338,587
2024-06-11T00:00:00.000Z,0.52,2.33,1.48,1.23,1.7,0.349,588
2024-06-12T00:00:00.000Z,0.3,3.9,1.35,0.6,1.77,0.657,589
2024-06-13T00:00:00.000Z,0.4,1.33,0.77,0.7,0.9,0.162,585
2024-06-14T00:00:00.000Z,0.63,2.27,1.33,1.08,1.58,0.339,587
2024-06-15T00:00:00.000Z,0.43,3.78,1.7,0.8,2.33,0.844,518
2024-06-16T00:00:00.000Z,0.45,1.98,0.9,0.8,1.05,0.206,591
2024-06-17T00:00:00.000Z,0.4,2.97,0.9,0.7,1.02,0.248,587
2024-06-18T00:00:00.000Z,0.7,2.5,1.4,1.1,1.73,0.393,590
2024-06-19T00:00:00.000Z,0.7,2.6,1.35,1.08,1.6,0.371,585
2024-06-20T00:00:00.000Z,0.6,2.97,1.27,1,1.75,0.451,587
2024-06-21T00:00:00.000Z,0.9,3.7,1.6,1.45,2.1,0.568,586
2024-06-22T00:00:00.000Z,0.8,13.52,1.8,1.45,3.3,2.234,582
2024-06-23T00:00:00.000Z,0.43,3.7,2.2,1.1,2.6,0.838,586
2024-06-24T00:00:00.000Z,1.42,8.32,2.7,2.29,3.15,0.692,586
2024-06-25T00:00:00.000Z,1.05,3.6,2.2,1.8,2.58,0.506,591
2024-06-26T00:00:00.000Z,1.9,10.55,2.7,2.5,2.97,0.807,592
2024-06-27T00:00:00.000Z,1.92,7.22,4.8,3.72,5.45,1.237,590
2024-06-28T00:00:00.000Z,0.68,19.3,5.3,1.5,6.78,2.764,590
2024-06-29T00:00:00.000Z,0.6,2,1.1,0.9,1.23,0.231,590
2024-06-30T00:00:00.000Z,0.5,118.2,1.8,1.23,8,17.738,589
2024-07-01T00:00:00.000Z,0.7,2.02,1.1,0.95,1.27,0.247,578
2024-07-02T00:00:00.000Z,0.3,3.47,0.9,0.7,1.33,0.503,587
2024-07-03T00:00:00.000Z,0.5,10.27,1.1,0.9,1.48,1.244,592
2024-07-04T00:00:00.000Z,0.1,1.58,0.69,0.45,0.82,0.26,590
2024-07-05T00:00:00.000Z,0.32,2.33,1,0.77,1.23,0.35,587
2024-07-06T00:00:00.000Z,0.52,3.1,1.6,1.3,1.83,0.441,591
2024-07-07T00:00:00.000Z,0.5,2.97,0.98,0.77,1.26,0.358,592
2024-07-08T00:00:00.000Z,0.4,2.52,0.8,0.7,0.93,0.3,589
2024-07-09T00:00:00.000Z,0.38,1.4,0.7,0.6,0.85,0.195,588
2024-07-10T00:00:00.000Z,0.93,15.85,2.9,1.63,9.39,4.097,588
2024-07-11T00:00:00.000Z,0.95,16.35,1.6,1.4,1.88,2.167,584
2024-07-12T00:00:00.000Z,0.6,3.05,1.4,1.14,1.67,0.469,591
2024-07-13T00:00:00.000Z,0.2,3.8,1.4,1.17,1.63,0.559,592
2024-07-14T00:00:00.000Z,0.56,5.6,1.42,1.14,1.7,1.018,591
2024-07-15T00:00:00.000Z,0.7,7.28,1.8,1.42,2.02,0.562,590
2024-07-16T00:00:00.000Z,1.3,7.6,2.4,1.83,3.28,1.054,590
2024-07-17T00:00:00.000Z,0.55,4.9,1.6,1.38,2.37,1.097,588
2024-07-18T00:00:00.000Z,0.8,2.47,1.5,1.3,1.67,0.306,588
2024-07-19T00:00:00.000Z,1.33,7.03,2.02,1.8,2.4,0.458,582
2024-07-20T00:00:00.000Z,1,5.07,1.7,1.52,1.9,0.393,584
2024-07-21T00:00:00.000Z,0.9,4.53,1.67,1.45,2.2,0.576,590
2024-07-22T00:00:00.000Z,0.8,4.4,2,1.65,3,0.802,581
2024-07-23T00:00:00.000Z,0.55,73.28,2.15,1.08,2.7,4.247,589
2024-07-24T00:00:00.000Z,1.3,4.4,2.29,2.02,2.54,0.47,591
2024-07-25T00:00:00.000Z,1.42,4,2.33,2,2.63,0.444,589
2024-07-26T00:00:00.000Z,1.17,11.5,2,1.7,4.76,2.556,588
2024-07-27T00:00:00.000Z,0.8,10.55,1.5,1.2,3.15,1.919,591
2024-07-28T00:00:00.000Z,0.93,2.33,1.38,1.23,1.5,0.204,590
2024-07-29T00:00:00.000Z,0.9,2.45,1.4,1.27,1.65,0.273,588
2024-07-30T00:00:00.000Z,0.8,21.02,1.38,1.17,1.6,1.355,559
2024-07-31T00:00:00.000Z,0.8,3.53,1.33,1.14,1.91,0.573,556
2024-08-01T00:00:00.000Z,0.7,2.47,1.52,1.1,1.7,0.35,570
2024-08-02T00:00:00.000Z,0.95,3.2,1.9,1.6,2.2,0.412,580
2024-08-03T00:00:00.000Z,1.3,5.88,4.43,2.08,4.95,1.418,577
2024-08-04T00:00:00.000Z,1.33,10.88,3.4,2.12,4.3,1.988,545
2024-08-05T00:00:00.000Z,0.6,2.17,1.1,0.95,1.35,0.288,538
2024-08-06T00:00:00.000Z,0.88,19.92,1.35,1.14,1.7,1.063,555
2024-08-07T00:00:00.000Z,1.63,4.18,2.5,2.2,3.05,0.552,554
2024-08-08T00:00:00.000Z,0.6,4.57,1.45,1.2,1.9,0.69,569
2024-08-09T00:00:00.000Z,1,4.72,1.7,1.5,2.04,0.568,544
2024-08-10T00:00:00.000Z,0.73,3.6,1.82,1.38,2.35,0.619,544
2024-08-11T00:00:00.000Z,0.4,3.88,1.14,0.75,2.52,0.911,575
2024-08-12T00:00:00.000Z,0.4,1.73,0.88,0.73,1.01,0.235,545
2024-08-13T00:00:00.000Z,0.38,1.6,0.7,0.6,0.8,0.164,549
2024-08-14T00:00:00.000Z,0.55,41.95,1.37,0.9,1.77,3.4,530
2024-08-15T00:00:00.000Z,0.95,10.57,3,1.5,4.72,2.783,471
2024-08-16T00:00:00.000Z,1.23,14.68,3.9,2.4,5.82,2.913,455
2024-08-17T00:00:00.000Z,0.52,1.98,1,0.9,1.17,0.208,534
2024-08-18T00:00:00.000Z,0.56,2.17,1.02,0.9,1.2,0.27,537
2024-08-19T00:00:00.000Z,1.1,6.5,3.1,2.35,4.3,1.198,543
2024-08-20T00:00:00.000Z,1.73,11.38,6.47,2.58,8.02,2.666,538
2024-08-21T00:00:00.000Z,0.4,9.18,1.2,0.9,5.14,2.315,541
2024-08-22T00:00:00.000Z,0.55,3.17,1.38,1.1,1.83,0.547,550
2024-08-23T00:00:00.000Z,1.35,4.78,2.54,2.1,3,0.713,547
2024-08-24T00:00:00.000Z,0.85,62.85,3.1,1.85,4.8,5.804,551
2024-08-25T00:00:00.000Z,0.9,7.82,2.1,1.6,3.45,1.758,553
2024-08-26T00:00:00.000Z,1.1,13.05,3.13,2.7,4.86,3.262,548
2024-08-27T00:00:00.000Z,1.92,6.3,3,2.7,3.34,0.778,545
2024-08-28T00:00:00.000Z,2.83,11.45,5.35,4.82,7.81,2.08,553
2024-08-29T00:00:00.000Z,5.68,18.77,12.92,9.6,14.43,2.882,542
2024-08-30T00:00:00.000Z,1.2,13.65,2.7,2.25,3.49,2.981,556
2024-08-31T00:00:00.000Z,0.68,9.94,2.29,1.42,4.13,2.052,547
2024-09-01T00:00:00.000Z,1.02,4.28,2.54,2.15,2.97,0.643,558
2024-09-02T00:00:00.000Z,1.9,5.88,4.09,2.8,4.8,1.043,550
2024-09-03T00:00:00.000Z,1.52,9.3,5.9,2.8,6.63,2.016,551
2024-09-04T00:00:00.000Z,6.45,12.98,9.16,7.82,10.98,1.668,546
2024-09-05T00:00:00.000Z,5.88,14,8.4,7.07,9.91,1.977,552
2024-09-06T00:00:00.000Z,6.55,11.3,8.93,7.99,9.68,1.008,428
2024-09-07T00:00:00.000Z,7.1,13.98,10.19,9.27,11.18,1.365,463
2024-09-08T00:00:00.000Z,5.9,12.5,9.32,8.25,10.4,1.481,511
2024-09-09T00:00:00.000Z,0.8,10.9,6.99,1.8,8.68,3.188,558
2024-09-10T00:00:00.000Z,0.6,4.7,1.3,1.02,1.92,0.897,527
2024-09-11T00:00:00.000Z,0.1,2.5,0.6,0.4,1.02,0.513,549
2024-09-12T00:00:00.000Z,0.1,0.8,0.3,0.2,0.37,0.108,560
2024-09-13T00:00:00.000Z,0.1,2.04,0.43,0.3,0.6,0.225,516
2024-09-14T00:00:00.000Z,0.1,2.5,0.4,0.3,0.5,0.313,575
2024-09-15T00:00:00.000Z,0.2,1.25,0.52,0.44,0.63,0.143,548
2024-09-16T00:00:00.000Z,0.28,1.92,0.6,0.5,0.75,0.242,576
2024-09-17T00:00:00.000Z,0.43,6.55,3.83,1.14,4.84,1.759,556
2024-09-18T00:00:00.000Z,1.67,12.35,4.82,4.13,5.6,1.81,551
2024-09-19T00:00:00.000Z,0.9,5.9,3.5,1.58,4.63,1.58,559
2024-09-20T00:00:00.000Z,3.28,8.35,6.22,4.93,6.72,1.12,557
2024-09-21T00:00:00.000Z,3.35,9,5.8,4.8,6.57,1.178,571
2024-09-22T00:00:00.000Z,3.13,9.75,7.6,5.95,8.23,1.562,562
2024-09-23T00:00:00.000Z,4.09,15.3,6.53,5.7,7.57,2.434,554
2024-09-24T00:00:00.000Z,3.5,7.25,5.35,4.4,6,0.921,548
2024-09-25T00:00:00.000Z,1.48,16.67,2.97,2.09,5.14,2.411,557
2024-09-26T00:00:00.000Z,0.4,4.43,1.6,1,2,0.928,566
2024-09-27T00:00:00.000Z,0.6,2.58,1.17,0.95,1.42,0.336,421
2024-09-28T00:00:00.000Z,0.2,1.42,0.6,0.5,0.7,0.187,402
2024-09-29T00:00:00.000Z,0.17,2.02,0.5,0.4,0.73,0.319,568
2024-09-30T00:00:00.000Z,0.2,1.12,0.4,0.3,0.47,0.119,562
2024-10-01T00:00:00.000Z,0.1,0.85,0.4,0.3,0.5,0.126,560
2024-10-02T00:00:00.000Z,0.13,9.27,0.4,0.32,0.63,0.968,564
2024-10-03T00:00:00.000Z,0.1,2.02,0.47,0.32,0.79,0.36,556
2024-10-04T00:00:00.000Z,0.2,1.23,0.47,0.4,0.52,0.142,573
2024-10-05T00:00:00.000Z,0.3,4.03,0.7,0.56,1.12,0.466,571
2024-10-06T00:00:00.000Z,0.3,1.35,0.65,0.55,0.8,0.182,562
2024-10-07T00:00:00.000Z,0.4,4.97,2.4,0.82,3.58,1.317,571
2024-10-08T00:00:00.000Z,2.47,7.28,4.05,3.58,4.84,0.983,559
2024-10-09T00:00:00.000Z,0.7,6.45,2.4,1.38,3.3,1.108,562
2024-10-10T00:00:00.000Z,0.2,2.45,0.93,0.65,1.52,0.488,566
2024-10-11T00:00:00.000Z,0.3,2.17,0.8,0.6,1,0.328,571
2024-10-12T00:00:00.000Z,0.22,1.9,0.7,0.55,0.9,0.302,577
2024-10-13T00:00:00.000Z,0.88,3.15,1.66,1.35,1.98,0.401,570
2024-10-14T00:00:00.000Z,0.2,2.33,0.7,0.4,1.23,0.48,570
2024-10-15T00:00:00.000Z,0.2,1.6,0.7,0.5,0.9,0.264,544
2024-10-16T00:00:00.000Z,0.4,3.08,1.3,0.88,1.67,0.567,578
2024-10-17T00:00:00.000Z,1.88,4.18,2.7,2.4,3.13,0.502,561
2024-10-18T00:00:00.000Z,2.9,8.32,4.47,3.92,5.9,1.122,567
2024-10-19T00:00:00.000Z,3.13,11.68,5.5,4.9,6.57,1.532,562
2024-10-20T00:00:00.000Z,1.63,7.22,4.8,2.95,5.87,1.562,561
2024-10-21T00:00:00.000Z,1.3,7.4,2.88,2.47,3.33,1.14,571
2024-10-22T00:00:00.000Z,0.4,3.72,1.45,1,1.92,0.622,558
2024-10-23T00:00:00.000Z,0.7,2.5,1.55,1.25,1.8,0.368,582
2024-10-24T00:00:00.000Z,1.2,4.25,2.38,1.83,2.88,0.657,566
2024-10-25T00:00:00.000Z,1.9,13.18,9.57,3.2,11.48,3.906,514
2024-10-26T00:00:00.000Z,3.78,10.88,7,6.2,7.7,1.259,565
2024-10-27T00:00:00.000Z,0.63,15.4,5.25,1.23,8.9,4.247,550
2024-10-28T00:00:00.000Z,0.4,3,1.12,0.82,1.6,0.517,545
2024-10-29T00:00:00.000Z,0.6,3.1,1.2,1,1.42,0.396,567
2024-10-30T00:00:00.000Z,0.1,68.72,1.92,0.6,2.7,8.588,548
2024-10-31T00:00:00.000Z,0.65,10.55,1.63,1.14,2.17,0.873,559
2024-11-01T00:00:00.000Z,0.6,26.05,1.77,1.3,2.47,2.72,537
2024-11-02T00:00:00.000Z,0.1,8.05,0.6,0.3,1,0.496,540
2024-11-03T00:00:00.000Z,0.3,4.18,0.85,0.68,1.1,0.41,524
2024-11-04T00:00:00.000Z,0.2,1.25,0.5,0.4,0.68,0.201,471
2024-11-05T00:00:00.000Z,0.2,2.2,0.9,0.38,1.6,0.616,383
2024-11-06T00:00:00.000Z,0.9,6.53,2.37,1.58,3.04,1.105,368
2024-11-07T00:00:00.000Z,1.4,6.53,2.25,1.95,2.58,0.986,481
2024-11-08T00:00:00.000Z,0.5,4.26,1.1,0.9,1.42,0.529,406
2024-11-09T00:00:00.000Z,1.58,9.68,7.55,4.51,8.19,2.304,365
2024-11-10T00:00:00.000Z,4.84,14.7,8.13,7.18,10.63,2.42,355
2024-11-11T00:00:00.000Z,2.6,15.63,5.2,4.03,6.25,1.61,423
2024-11-12T00:00:00.000Z,0.6,5.63,1.48,0.9,3.19,1.366,269
2024-11-13T00:00:00.000Z,0.5,2.75,1.6,1.32,1.8,0.42,352
2024-11-14T00:00:00.000Z,0.3,2.58,1.1,0.77,1.44,0.444,345
2024-11-15T00:00:00.000Z,0.13,6.32,1.4,0.82,1.85,0.844,511
2024-11-16T00:00:00.000Z,0.4,3.7,1.14,0.82,1.65,0.623,541
2024-11-17T00:00:00.000Z,0.32,2.17,0.8,0.63,1,0.318,545
2024-11-18T00:00:00.000Z,0.1,6.1,0.6,0.43,0.9,0.718,488
2024-11-19T00:00:00.000Z,0.3,1.1,0.54,0.45,0.68,0.161,448
2024-11-20T00:00:00.000Z,0.2,2,0.5,0.4,0.6,0.162,424
2024-11-21T00:00:00.000Z,0.1,2.85,0.6,0.39,1.42,0.656,405
2024-11-22T00:00:00.000Z,0.47,3.53,0.9,0.7,1.12,0.324,420
2024-11-23T00:00:00.000Z,0.25,2.92,0.7,0.5,1.1,0.427,334
2024-11-24T00:00:00.000Z,0.2,2.02,1,0.63,1.4,0.426,416
2024-11-25T00:00:00.000Z,0.56,2.13,1.05,0.9,1.25,0.269,434
2024-11-26T00:00:00.000Z,1.14,3.17,2,1.8,2.2,0.328,581
2024-11-27T00:00:00.000Z,0.52,4,1.1,0.88,1.39,0.609,585
2024-11-28T00:00:00.000Z,0.1,4.09,0.69,0.3,1.2,0.75,594
2024-11-29T00:00:00.000Z,0,3.75,0.5,0.2,1.44,0.95,593
2024-11-30T00:00:00.000Z,0.56,2.35,1.4,1.05,1.65,0.376,594
2024-12-01T00:00:00.000Z,1.58,4.13,2.7,2.2,3.1,0.534,509
2024-12-02T00:00:00.000Z,2.58,6.85,4.28,3.6,5,0.9,591
2024-12-03T00:00:00.000Z,0,7.4,1.88,0.2,4.55,2.028,589
2024-12-04T00:00:00.000Z,0.1,2.54,0.47,0.25,0.7,0.329,592
2024-12-05T00:00:00.000Z,0.1,1.7,0.43,0.3,0.63,0.357,589
2024-12-06T00:00:00.000Z,1.05,6.95,2.52,1.95,5.5,1.822,592
2024-12-07T00:00:00.000Z,0.88,6.6,2.19,1.65,2.9,1.45,592
2024-12-08T00:00:00.000Z,1.65,6.9,4.32,3.09,5.15,1.194,589
2024-12-09T00:00:00.000Z,0.5,2.85,1.1,0.9,1.4,0.57,587
2024-12-10T00:00:00.000Z,0.5,4.93,1,0.85,1.38,0.688,547
2024-12-11T00:00:00.000Z,0.4,5.63,1.4,1.08,1.72,0.824,569
2024-12-12T00:00:00.000Z,0.47,12.18,1.14,0.9,1.8,0.724,581
2024-12-13T00:00:00.000Z,0.6,2.83,1.2,1,1.6,0.484,541
2024-12-14T00:00:00.000Z,0.45,5.9,2.2,1.07,4.2,1.578,523
2024-12-15T00:00:00.000Z,0.3,2.63,0.9,0.7,1.3,0.418,589
2024-12-16T00:00:00.000Z,0.13,5.05,1.2,0.45,1.95,0.946,494
2024-12-17T00:00:00.000Z,0.1,2.42,0.68,0.5,0.9,0.377,524
2024-12-18T00:00:00.000Z,0.4,4.45,1.9,1.55,2.97,0.933,526
2024-12-19T00:00:00.000Z,0.4,2.72,0.95,0.7,1.4,0.496,239
2024-12-20T00:00:00.000Z,0.5,4.63,1.48,1.2,1.83,0.575,440
2024-12-21T00:00:00.000Z,0.4,29.48,1.75,1.15,2.65,3.228,520
2024-12-22T00:00:00.000Z,0.4,3.08,1.1,0.8,1.45,0.42,590
2024-12-23T00:00:00.000Z,0.2,1.3,0.55,0.4,0.7,0.208,573
2024-12-24T00:00:00.000Z,0.35,3.1,0.9,0.7,1.1,0.416,552
2024-12-25T00:00:00.000Z,0.7,3.78,1.5,1.27,2.17,0.691,593
2024-12-26T00:00:00.000Z,0.1,7.03,0.9,0.6,1.14,0.751,589
2024-12-27T00:00:00.000Z,0.3,3.4,1.05,0.8,1.7,0.727,592
2024-12-28T00:00:00.000Z,0.1,5.43,0.9,0.5,1.5,0.603,589
2024-12-29T00:00:00.000Z,1.48,5.5,3.08,2.58,3.64,0.774,488
2024-12-30T00:00:00.000Z,0.5,2.63,1.3,1,1.55,0.384,265
2024-12-31T00:00:00.000Z,0.1,2.7,0.85,0.28,1.77,0.758,407
2025-01-01T00:00:00.000Z,0.3,6.57,1.45,0.75,3.47,1.57,563
2025-01-02T00:00:00.000Z,0,2.9,0.3,0.2,0.6,0.355,591
2025-01-03T00:00:00.000Z,0.1,1.9,0.47,0.38,0.6,0.214,585
2025-01-04T00:00:00.000Z,0.1,1.2,0.5,0.32,0.6,0.179,558
2025-01-05T00:00:00.000Z,0.38,9.55,1.13,0.68,1.69,0.655,588
2025-01-06T00:00:00.000Z,0.2,2.13,1.1,0.8,1.4,0.396,592
2025-01-07T00:00:00.000Z,0.2,2.5,0.8,0.55,1.05,0.337,589
2025-01-08T00:00:00.000Z,0.5,2.7,1.12,1,1.3,0.292,591
2025-01-09T00:00:00.000Z,0.6,1.92,1.1,0.93,1.2,0.205,591
2025-01-10T00:00:00.000Z,0.1,1.5,0.7,0.4,0.9,0.3,589
2025-01-11T00:00:00.000Z,0,1.9,0.25,0.2,0.3,0.156,588
2025-01-12T00:00:00.000Z,0,2.97,0.3,0.2,0.73,0.353,582
2025-01-13T00:00:00.000Z,0.43,2.42,1,0.8,1.4,0.41,519
2025-01-14T00:00:00.000Z,1.2,6.53,2.88,2.29,5,1.487,407
2025-01-15T00:00:00.000Z,0.45,3.05,1.02,0.8,1.5,0.571,590
2025-01-16T00:00:00.000Z,0.9,4.28,1.92,1.6,2.27,0.647,589
2025-01-17T00:00:00.000Z,2.17,8.43,4.43,3.5,5.2,1.171,586
2025-01-18T00:00:00.000Z,1.63,184.18,5,3.17,9,19.601,586
2025-01-19T00:00:00.000Z,0.77,6.4,2.35,1.65,2.95,0.991,589
2025-01-20T00:00:00.000Z,0.5,15.7,1.3,1,2,2.984,579
2025-01-21T00:00:00.000Z,3.58,15.63,6.95,6,8.44,1.899,587
2025-01-22T00:00:00.000Z,2.9,11.13,6.55,5.67,8.61,1.893,585
2025-01-23T00:00:00.000Z,0.4,20.6,3.26,1.23,13.57,6.625,586
2025-01-24T00:00:00.000Z,0.5,5.8,2.29,1.49,2.9,1.184,584
2025-01-25T00:00:00.000Z,0.5,2.65,1.5,1.08,1.8,0.444,545
2025-01-26T00:00:00.000Z,0.68,2.67,1.1,1,1.4,0.415,215
2025-01-27T00:00:00.000Z,0,1.47,0.68,0.4,0.82,0.31,487
2025-01-28T00:00:00.000Z,0.3,1.58,0.8,0.6,1,0.25,592
2025-01-29T00:00:00.000Z,0.7,4.53,1.42,1.17,1.7,0.409,592
2025-01-30T00:00:00.000Z,0.4,2.22,1.1,0.93,1.3,0.295,430
2025-01-31T00:00:00.000Z,0.13,6.55,1.1,0.68,1.9,0.953,461
2025-02-01T00:00:00.000Z,0.3,3.75,0.8,0.63,1,0.396,368
2025-02-02T00:00:00.000Z,0.3,5.09,2.95,0.75,3.6,1.4,499
2025-02-03T00:00:00.000Z,0.9,5.25,2.46,1.63,3.22,0.912,586
2025-02-04T00:00:00.000Z,2.17,9.98,7.18,6,8.03,1.722,584
2025-02-05T00:00:00.000Z,0.6,8.55,4.71,1.12,6.3,2.627,586
2025-02-06T00:00:00.000Z,0.2,1.67,0.8,0.5,1.02,0.317,584
2025-02-07T00:00:00.000Z,0.1,8.18,0.8,0.38,1.88,2.115,537
2025-02-08T00:00:00.000Z,2.54,6.5,5.12,4.2,5.6,0.793,526
2025-02-09T00:00:00.000Z,5.15,9.44,6.8,6.23,7.55,0.884,570
2025-02-10T00:00:00.000Z,2,9.65,4.53,3.75,5.68,1.329,574
2025-02-11T00:00:00.000Z,1.95,4.22,2.7,2.5,3.08,0.428,295
2025-02-12T00:00:00.000Z,2.42,7.1,3.75,3.28,4.63,1.039,513
2025-02-13T00:00:00.000Z,0.85,6,4.22,2.85,4.83,1.182,495
2025-02-14T00:00:00.000Z,0.1,1.38,0.4,0.3,0.55,0.207,301
2025-02-15T00:00:00.000Z,0.1,1.6,0.6,0.45,0.8,0.306,450
2025-02-16T00:00:00.000Z,0.03,3.65,0.81,0.2,1.2,0.646,322
2025-02-17T00:00:00.000Z,0.45,1.42,0.8,0.7,0.9,0.166,430
2025-02-18T00:00:00.000Z,0.2,1.67,0.6,0.5,0.8,0.279,518
2025-02-19T00:00:00.000Z,0.5,192.82,2.57,1.4,6.22,31.548,577
2025-02-20T00:00:00.000Z,0.5,8.55,2.2,1.4,4.28,1.91,579
2025-02-21T00:00:00.000Z,3.42,9.73,6.95,5.68,8.18,1.5,564
2025-02-22T00:00:00.000Z,3.8,15.6,7.93,6.44,9.19,1.857,581
2025-02-23T00:00:00.000Z,1.5,10.05,4.45,2.8,6.2,2.104,579
2025-02-24T00:00:00.000Z,0.6,4.32,1.5,1.2,1.74,0.571,577
2025-02-25T00:00:00.000Z,0.82,3.28,1.65,1.4,2.06,0.451,575
2025-02-26T00:00:00.000Z,0.88,4.45,1.6,1.33,2.38,0.659,577
2025-02-27T00:00:00.000Z,1.6,4.28,2.54,2.1,2.95,0.544,412
2025-02-28T00:00:00.000Z,1.23,2.8,2.1,1.8,2.27,0.322,99
2025-03-01T00:00:00.000Z,0.88,5.9,1.73,1.33,2.38,0.85,390
2025-03-02T00:00:00.000Z,0.35,4.38,1.5,1.29,1.77,0.521,569
2025-03-03T00:00:00.000Z,0.6,4.22,1.52,1.3,1.88,0.487,574
2025-03-04T00:00:00.000Z,0.5,3.78,1.2,0.9,1.92,0.733,577
2025-03-05T00:00:00.000Z,1.85,9.23,4.03,3.05,4.65,1.024,574
2025-03-06T00:00:00.000Z,3.05,7.63,4.09,3.65,4.59,0.87,149
2025-03-07T00:00:00.000Z,1.75,19.89,4,3.42,4.75,3.52,418
2025-03-08T00:00:00.000Z,2.95,31.13,4.8,4.09,9.73,6.08,566
2025-03-09T00:00:00.000Z,2.8,25.58,4.9,4.05,6.32,3.214,573
2025-03-10T00:00:00.000Z,3.85,24.57,6.74,5.04,9.23,5.684,560
2025-03-11T00:00:00.000Z,0.4,6.57,4.53,1.82,5.17,1.797,576
2025-03-12T00:00:00.000Z,0.4,2.1,0.8,0.68,1.25,0.412,571
2025-03-13T00:00:00.000Z,0.6,2.17,1.2,1,1.4,0.294,375
2025-03-14T00:00:00.000Z,0.2,1.48,0.65,0.56,0.8,0.168,222
2025-03-15T00:00:00.000Z,0.5,0.8,0.5,0.5,0.6,0.111,6
2025-03-18T00:00:00.000Z,0.5,1.4,0.8,0.7,0.93,0.18,66
2025-03-19T00:00:00.000Z,0.56,3.9,1.42,1.1,1.8,0.555,589
2025-03-20T00:00:00.000Z,0.7,12.53,2.1,1.3,2.84,3.202,572
2025-03-21T00:00:00.000Z,0.28,2.7,1.07,0.68,1.67,0.56,590
2025-03-22T00:00:00.000Z,1.1,6.3,2.34,1.9,3.07,0.954,594
2025-03-23T00:00:00.000Z,2.02,8.19,3.57,3.17,3.85,0.552,593
2025-03-24T00:00:00.000Z,2.63,9.5,4.25,3.3,5.35,1.467,591
2025-03-25T00:00:00.000Z,0.8,13.3,6.85,3.25,8.23,2.958,591
2025-03-26T00:00:00.000Z,0.2,1.92,0.9,0.5,1.2,0.395,591
2025-03-27T00:00:00.000Z,0.3,1.8,1,0.77,1.17,0.281,223
2025-03-28T00:00:00.000Z,1,13.75,3.2,2.64,9.69,3.856,456
2025-03-29T00:00:00.000Z,0.3,6.72,1.92,1.4,3.72,1.417,570
2025-03-30T00:00:00.000Z,0.4,2.63,0.9,0.77,1.2,0.428,343
2025-03-31T00:00:00.000Z,0.4,225.52,0.95,0.75,1.45,32.992,535
2025-04-01T00:00:00.000Z,0.1,0.9,0.4,0.3,0.47,0.148,206
2025-04-02T00:00:00.000Z,0.3,1.12,0.5,0.4,0.6,0.133,175
2025-04-03T00:00:00.000Z,0.03,1,0.3,0.2,0.5,0.178,580
2025-04-04T00:00:00.000Z,0.22,3.7,0.68,0.5,1.1,0.582,587
2025-04-05T00:00:00.000Z,0,1.1,0.3,0.2,0.4,0.169,552
2025-04-06T00:00:00.000Z,0.1,0.98,0.4,0.3,0.5,0.161,334
2025-04-07T00:00:00.000Z,0.2,15.13,0.92,0.6,1.36,1.766,332
2025-04-08T00:00:00.000Z,0.1,1.1,0.4,0.3,0.52,0.172,576
2025-04-09T00:00:00.000Z,0.25,4.84,1.33,0.7,2,0.905,567
2025-04-10T00:00:00.000Z,0.32,3.5,0.82,0.63,1.89,0.74,588
2025-04-11T00:00:00.000Z,0.63,3.67,1.73,1.25,2.31,0.639,588
2025-04-12T00:00:00.000Z,1.14,4.47,2.29,1.95,2.9,0.649,591
2025-04-13T00:00:00.000Z,1.38,10.57,3.75,2.65,5.63,1.941,567
2025-04-14T00:00:00.000Z,2.63,10.57,4.22,3.65,5.57,1.519,591
2025-04-15T00:00:00.000Z,1.8,11.18,4,3.07,5.2,1.809,569
2025-04-16T00:00:00.000Z,2.67,14.6,5.25,4.55,6.31,1.997,585
2025-04-17T00:00:00.000Z,2.35,12.77,4.7,3.72,6.5,2.091,593
2025-04-18T00:00:00.000Z,0.6,14.82,5.15,1.33,8.69,3.865,593
2025-04-19T00:00:00.000Z,0.6,10.05,1.92,1.2,2.38,0.764,507
2025-04-20T00:00:00.000Z,0.8,9.82,4.97,2.2,6.7,2.435,591
2025-04-21T00:00:00.000Z,0.8,5.57,2.6,1.6,3.63,1.16,591
2025-04-22T00:00:00.000Z,1.33,5.68,2.29,2.02,2.6,0.467,593
2025-04-23T00:00:00.000Z,0.8,6.9,1.65,1.2,2.6,1.096,593
2025-04-24T00:00:00.000Z,0.45,5.32,1.12,0.82,1.5,0.974,593
2025-04-25T00:00:00.000Z,0.35,3.97,0.8,0.7,1.08,0.723,588
2025-04-26T00:00:00.000Z,0.4,4.72,0.77,0.63,0.98,0.337,492
2025-04-27T00:00:00.000Z,0.3,3.63,0.85,0.5,1.6,0.742,588
2025-04-28T00:00:00.000Z,0.45,4.34,2,0.82,2.47,0.941,592
2025-04-29T00:00:00.000Z,0.3,8.9,1.3,0.75,1.8,0.758,587
2025-04-30T00:00:00.000Z,0.38,7.9,1.65,1.2,3,2.008,589
2025-05-01T00:00:00.000Z,0.9,6.85,2.92,2.29,3.91,1.232,593
2025-05-02T00:00:00.000Z,0.5,11.23,1.67,0.88,2.25,1.424,541
2025-05-03T00:00:00.000Z,0.17,1.7,0.6,0.5,0.85,0.306,492
2025-05-04T00:00:00.000Z,0.1,2.72,0.45,0.3,0.67,0.387,591
2025-05-05T00:00:00.000Z,0.2,1.2,0.45,0.4,0.56,0.155,592
2025-05-06T00:00:00.000Z,0.17,2.2,0.73,0.4,1.37,0.519,591
2025-05-07T00:00:00.000Z,0.1,2.35,0.5,0.3,0.6,0.229,589
2025-05-08T00:00:00.000Z,0.3,1.63,0.77,0.6,0.9,0.215,591
2025-05-09T00:00:00.000Z,0.5,4.57,1.98,0.9,2.33,0.867,591
2025-05-10T00:00:00.000Z,0.4,5.4,1.25,0.8,2.29,0.821,593
2025-05-11T00:00:00.000Z,0.6,74.55,1.3,1.02,1.8,9.293,592
2025-05-12T00:00:00.000Z,0.65,3.38,1.1,0.93,1.5,0.521,590
2025-05-13T00:00:00.000Z,0.7,3.45,1.3,1.1,1.6,0.434,593
2025-05-14T00:00:00.000Z,0.35,5.85,2.2,1.1,3.22,1.258,591
2025-05-15T00:00:00.000Z,0.2,2.52,1.1,0.6,1.52,0.532,594
2025-05-16T00:00:00.000Z,0.7,3.55,1.14,1,1.38,0.499,592
2025-05-17T00:00:00.000Z,0.32,2.13,0.85,0.65,1.05,0.263,593
2025-05-18T00:00:00.000Z,0.43,1.7,0.9,0.75,1.07,0.243,593
2025-05-19T00:00:00.000Z,0.5,2.54,1.14,0.82,1.6,0.428,592
2025-05-20T00:00:00.000Z,0.5,2.9,1.4,1.05,1.67,0.459,590
2025-05-21T00:00:00.000Z,0.68,6.05,2.9,1.92,3.53,1.046,591
2025-05-22T00:00:00.000Z,0,4.57,0.55,0.32,1.12,0.669,592
2025-05-23T00:00:00.000Z,0.08,2.04,0.3,0.2,0.4,0.2,542
2025-05-24T00:00:00.000Z,0.3,2.4,1,0.6,1.25,0.471,591
2025-05-25T00:00:00.000Z,0.8,3.17,1.5,1.3,1.83,0.495,590
2025-05-26T00:00:00.000Z,0.47,3.45,1.2,0.9,1.76,0.613,592
2025-05-27T00:00:00.000Z,0.52,3.28,1.2,0.95,1.48,0.399,591
2025-05-28T00:00:00.000Z,0.3,1.83,0.9,0.7,1.05,0.264,594
2025-05-29T00:00:00.000Z,0.38,19.89,0.88,0.7,1.02,1.018,592
2025-05-30T00:00:00.000Z,0.4,3.67,1.5,0.82,2.35,0.825,592
2025-05-31T00:00:00.000Z,0.2,3.3,0.7,0.49,1.94,0.848,593
2025-06-01T00:00:00.000Z,0.6,5.07,2.47,1.89,3,0.874,592
2025-06-02T00:00:00.000Z,0.6,4.2,2.13,1.17,2.95,0.926,591
2025-06-03T00:00:00.000Z,0.6,2.52,1.45,1.14,1.7,0.356,590
2025-06-04T00:00:00.000Z,1.14,16.7,3.9,2.2,6.6,2.857,586
2025-06-05T00:00:00.000Z,0.75,3.4,1.58,1.3,2.1,0.527,589
2025-06-06T00:00:00.000Z,0.5,2.35,1,0.88,1.2,0.258,590
2025-06-07T00:00:00.000Z,0.4,24,1.12,0.8,2.67,2.311,591
2025-06-08T00:00:00.000Z,0.6,3.92,1.3,1.05,1.66,0.638,589
2025-06-09T00:00:00.000Z,0.4,3.5,0.9,0.7,1.2,0.584,591
2025-06-10T00:00:00.000Z,2.67,12.55,7.38,5.45,10.19,2.612,591
2025-06-11T00:00:00.000Z,0.8,6.55,2,1.55,3.85,1.525,586
2025-06-12T00:00:00.000Z,0.4,1.98,0.9,0.7,1.08,0.296,524
2025-06-13T00:00:00.000Z,0.3,4.53,0.6,0.5,0.7,0.236,590
2025-06-14T00:00:00.000Z,0.6,4.09,1.45,1.05,2.4,0.851,592
2025-06-15T00:00:00.000Z,0.7,7.47,5.65,5.07,6.4,1.688,372
2025-06-16T00:00:00.000Z,1.1,5.85,3.2,2.64,3.75,0.91,453
2025-06-17T00:00:00.000Z,2.5,19.25,4.8,4.18,5.28,1.54,590
2025-06-18T00:00:00.000Z,1,7.6,3.08,2,5.09,1.762,593
2025-06-19T00:00:00.000Z,0.5,3.75,1.12,0.9,1.33,0.354,594
2025-06-20T00:00:00.000Z,0.82,3.25,1.67,1.4,1.98,0.418,588
2025-06-21T00:00:00.000Z,0.68,7.38,1.9,1.33,2.9,1.133,587
2025-06-22T00:00:00.000Z,0.65,6.25,2.22,1.54,3.34,1.324,593
2025-06-23T00:00:00.000Z,0.52,9.19,1.9,1.25,5.05,2.419,594
2025-06-24T00:00:00.000Z,0.3,2.4,1.25,0.9,1.48,0.391,593
2025-06-25T00:00:00.000Z,0.3,1.88,1.1,0.8,1.33,0.348,593
2025-06-26T00:00:00.000Z,0.73,6.87,1.42,1.2,1.69,0.573,593
2025-06-27T00:00:00.000Z,0.9,3.92,1.5,1.3,1.75,0.493,592
2025-06-28T00:00:00.000Z,1.2,6.4,2.1,1.75,3.03,1.121,593
2025-06-29T00:00:00.000Z,1.4,5.55,2.52,2.2,2.97,0.654,591
2025-06-30T00:00:00.000Z,0.85,3.95,2.02,1.63,2.42,0.597,419
2025-07-01T00:00:00.000Z,0.68,4.18,1.27,1,1.77,0.489,591
2025-07-02T00:00:00.000Z,0.6,11.23,2.9,2.08,3.46,1.11,593
2025-07-03T00:00:00.000Z,0.52,4.68,1.41,1.1,2.09,0.931,592
2025-07-04T00:00:00.000Z,0.5,2.8,0.93,0.8,1.23,0.47,591
2025-07-05T00:00:00.000Z,0.73,3.1,1.77,1.5,2.1,0.42,593
2025-07-06T00:00:00.000Z,0.63,7.35,2.25,1.65,2.85,1.146,539
2025-07-07T00:00:00.000Z,0.75,5.15,1.48,1.1,2.13,0.945,592
2025-07-08T00:00:00.000Z,0.2,2.7,0.95,0.63,1.12,0.343,593
2025-07-09T00:00:00.000Z,0.1,3.83,1.4,1,1.8,0.726,594
2025-07-10T00:00:00.000Z,1.12,3.1,1.8,1.6,2.04,0.345,593
2025-07-11T00:00:00.000Z,1.3,5.22,2.6,2,3.17,0.842,593
2025-07-12T00:00:00.000Z,1.3,5.09,3.08,2.45,3.6,0.773,594
2025-07-13T00:00:00.000Z,1.4,4.75,2.92,2.38,3.38,0.65,591
2025-07-14T00:00:00.000Z,1.73,4.28,2.75,2.5,3.08,0.423,593
2025-07-15T00:00:00.000Z,1.48,6.2,2.95,2.5,3.45,0.724,594
2025-07-16T00:00:00.000Z,0.9,3.13,1.7,1.27,2.2,0.525,594
2025-07-17T00:00:00.000Z,1.75,16.5,5,3.5,7.22,3.397,593
2025-07-18T00:00:00.000Z,2.25,15.2,5.45,4.3,8.68,3.081,594
2025-07-19T00:00:00.000Z,1.75,9.82,7.32,3.59,8.19,2.452,593
2025-07-20T00:00:00.000Z,4.43,7.88,5.85,5.35,6.32,0.64,587
2025-07-21T00:00:00.000Z,4.15,7.45,5.82,5.45,6.28,0.595,592
2025-07-22T00:00:00.000Z,0.25,11.35,6.29,1.38,8.18,3.396,594
2025-07-23T00:00:00.000Z,0.2,1.92,0.8,0.6,1.05,0.28,593
2025-07-24T00:00:00.000Z,0.63,6.1,2.78,1.5,4.2,1.463,593
2025-07-25T00:00:00.000Z,3.15,16.95,7.18,4.63,8.4,2.734,594
2025-07-26T00:00:00.000Z,1.63,11.02,6.22,3.39,7.45,2.437,593
2025-07-27T00:00:00.000Z,1.6,12.23,5.15,2.54,6.95,2.712,591
2025-07-28T00:00:00.000Z,0.98,5.3,2.2,1.75,2.75,0.799,593
2025-07-29T00:00:00.000Z,0.8,4.7,2.58,1.8,3.25,0.865,594
2025-07-30T00:00:00.000Z,1.02,3.9,2.33,1.83,2.75,0.59,593
2025-07-31T00:00:00.000Z,0.83,2.72,1.4,1.2,1.6,0.315,591
2025-08-01T00:00:00.000Z,0.7,2.67,1.5,1.3,1.8,0.357,592
2025-08-02T00:00:00.000Z,0.7,3.83,1.6,1.33,2.15,0.599,594
2025-08-03T00:00:00.000Z,0.2,3.83,1.2,0.55,2,0.8,594
2025-08-04T00:00:00.000Z,0.5,2.95,1.5,1.14,2.2,0.591,592
2025-08-05T00:00:00.000Z,0.88,3.88,1.92,1.45,2.6,0.689,541
2025-08-06T00:00:00.000Z,0.9,2.92,1.9,1.6,2.15,0.395,447
2025-08-07T00:00:00.000Z,1.5,4.09,2.58,2.29,2.88,0.425,531
2025-08-08T00:00:00.000Z,1.8,5.63,3.29,2.95,3.65,0.635,542
2025-08-09T00:00:00.000Z,1.17,3.72,2.22,1.8,2.8,0.595,563
2025-08-10T00:00:00.000Z,0.6,4.78,1.55,1.1,3.15,1.128,592
2025-08-11T00:00:00.000Z,0.52,2.42,1.33,1,1.58,0.379,593
2025-08-12T00:00:00.000Z,0.98,9.9,4.84,2.04,5.75,1.87,595
2025-08-13T00:00:00.000Z,2.4,9.44,5,3.75,5.8,1.328,581
2025-08-14T00:00:00.000Z,2.33,5.68,3.45,3.15,3.9,0.636,586
2025-08-15T00:00:00.000Z,2.5,10.52,6.82,5.07,8.1,2.086,490
2025-08-16T00:00:00.000Z,0.2,6.7,1.62,0.43,2.42,1.428,580
2025-08-17T00:00:00.000Z,0.2,1.3,0.43,0.38,0.5,0.128,592
2025-08-18T00:00:00.000Z,0.2,1.17,0.5,0.4,0.6,0.128,593
2025-08-19T00:00:00.000Z,0.38,7.57,2.8,0.8,5.12,2.193,593
2025-08-20T00:00:00.000Z,0.1,2.95,0.38,0.3,0.5,0.447,576
2025-08-21T00:00:00.000Z,0.1,1.42,0.4,0.3,0.5,0.213,382
2025-08-22T00:00:00.000Z,0.1,1.23,0.4,0.3,0.56,0.196,382
2025-08-23T00:00:00.000Z,0,0.8,0.2,0.1,0.3,0.13,589
2025-08-24T00:00:00.000Z,0.1,12.05,0.75,0.43,1.07,0.804,593
2025-08-25T00:00:00.000Z,0.3,2,1.1,0.95,1.23,0.261,592
2025-08-26T00:00:00.000Z,0.1,1.6,0.9,0.6,1,0.288,594
2025-08-27T00:00:00.000Z,0.55,2.1,1.2,1,1.48,0.322,593
2025-08-28T00:00:00.000Z,1.25,4.72,2.45,1.83,2.8,0.615,592
2025-08-29T00:00:00.000Z,1.75,25.6,4.2,2.8,10.7,5.657,594
2025-08-30T00:00:00.000Z,1.9,16.13,5.53,3.8,7.14,2.767,593
2025-08-31T00:00:00.000Z,1.12,20.73,3.75,2.83,9.8,4.419,593
2025-09-01T00:00:00.000Z,1.63,5.38,2.92,2.63,3.54,0.739,592
2025-09-02T00:00:00.000Z,1.12,9.93,3.08,2.25,4.72,2.011,592
2025-09-03T00:00:00.000Z,0.63,6.78,1.48,1.14,2.65,1.172,591
2025-09-04T00:00:00.000Z,0.4,2.5,1.3,0.8,1.65,0.494,591
2025-09-05T00:00:00.000Z,1,5,1.8,1.5,2.96,1.1,472
2025-09-06T00:00:00.000Z,0.6,1.23,0.77,0.72,0.98,0.191,8
2025-09-07T00:00:00.000Z,0.3,1.4,0.77,0.6,0.9,0.182,257
2025-09-08T00:00:00.000Z,0.43,4.65,1.4,0.7,3.33,1.3,307
2025-09-09T00:00:00.000Z,3.1,13.23,6.3,4.88,7.72,1.92,591
2025-09-10T00:00:00.000Z,5.13,11.38,7.53,6.75,8,1.046,559
2025-09-11T00:00:00.000Z,0.7,9.1,2.4,1.73,3.88,2.137,588
2025-09-12T00:00:00.000Z,0.3,2.02,0.95,0.7,1.25,0.37,593
2025-09-13T00:00:00.000Z,0.2,2.2,0.73,0.56,1,0.329,594
2025-09-14T00:00:00.000Z,0.3,1.92,0.75,0.6,1,0.303,594
2025-09-15T00:00:00.000Z,0.4,2.22,0.9,0.7,1.2,0.33,502
2025-09-16T00:00:00.000Z,0.6,2.42,1.23,1.01,1.48,0.315,593
2025-09-17T00:00:00.000Z,0.52,2.15,1.2,1.02,1.45,0.288,594
2025-09-18T00:00:00.000Z,0.2,3.72,1.27,0.8,1.77,0.614,592
2025-09-19T00:00:00.000Z,0.8,4.38,2.42,1.5,2.9,0.812,573
2025-09-20T00:00:00.000Z,1.95,6.85,3.38,3,4.03,0.898,467
2025-09-21T00:00:00.000Z,0.4,6.75,3.15,1.38,4.28,1.757,592
2025-09-22T00:00:00.000Z,0.1,2.1,0.73,0.5,1,0.314,591
2025-09-23T00:00:00.000Z,0.1,1.12,0.3,0.28,0.4,0.128,593
2025-09-24T00:00:00.000Z,0.1,1.38,0.35,0.3,0.5,0.183,566
2025-09-25T00:00:00.000Z,0.1,1,0.3,0.2,0.4,0.125,592
2025-09-26T00:00:00.000Z,0.1,1.8,0.35,0.3,0.47,0.184,592
2025-09-27T00:00:00.000Z,0.3,2.63,0.75,0.6,0.9,0.263,592
2025-09-28T00:00:00.000Z,0.38,1.73,0.63,0.56,0.73,0.151,586
2025-09-29T00:00:00.000Z,0.3,1.5,0.68,0.5,0.9,0.244,590
2025-09-30T00:00:00.000Z,0.3,1.45,0.7,0.55,0.85,0.201,593
2025-10-01T00:00:00.000Z,0.5,3.28,1.38,1.02,1.9,0.53,577
2025-10-02T00:00:00.000Z,1.33,3.67,2.2,1.92,2.6,0.455,570
2025-10-03T00:00:00.000Z,0.88,2.2,1.42,1.27,1.6,0.24,554
2025-10-04T00:00:00.000Z,0.43,5.8,2.1,0.9,3,1.067,585
2025-10-05T00:00:00.000Z,0.43,8.1,1.23,0.8,1.6,0.762,591
2025-10-06T00:00:00.000Z,0.1,1.35,0.4,0.28,0.6,0.222,593
2025-10-07T00:00:00.000Z,0.47,5.9,1.14,0.88,1.85,1.052,587
2025-10-08T00:00:00.000Z,0.2,4.57,1.12,0.65,2.04,0.897,591
2025-10-09T00:00:00.000Z,0.32,3.95,0.77,0.63,0.98,0.591,592
2025-10-10T00:00:00.000Z,1.3,6.75,2.94,2.17,4.43,1.307,590
2025-10-11T00:00:00.000Z,0.47,2.58,1.08,0.82,1.33,0.404,593
2025-10-12T00:00:00.000Z,0.2,2.02,0.6,0.4,0.77,0.291,588
2025-10-13T00:00:00.000Z,0.2,11.02,0.7,0.5,1.4,2.05,591
2025-10-14T00:00:00.000Z,0.2,1.4,0.7,0.5,0.85,0.238,585
2025-10-15T00:00:00.000Z,0.35,4.82,0.88,0.7,1.3,0.655,588
2025-10-16T00:00:00.000Z,0.32,3.2,0.85,0.7,1.14,0.43,503
2025-10-17T00:00:00.000Z,0.1,1.77,0.6,0.32,0.95,0.372,586
2025-10-18T00:00:00.000Z,0,2.17,0.3,0.2,0.7,0.39,592
2025-10-19T00:00:00.000Z,0.2,103.65,0.8,0.6,2,10.857,594
2025-10-20T00:00:00.000Z,0.5,4.43,1.85,1.02,2.6,1,594
2025-10-21T00:00:00.000Z,1.3,5.95,3.9,2.9,4.76,1.179,592
2025-10-22T00:00:00.000Z,0.4,2.7,1.6,1.1,2,0.549,593
2025-10-23T00:00:00.000Z,0.8,5.15,2.35,1.55,3.1,1.01,592
2025-10-24T00:00:00.000Z,0.2,6.57,0.8,0.55,1.14,0.669,594
2025-10-25T00:00:00.000Z,0.3,1.88,0.8,0.6,0.98,0.245,593
2025-10-26T00:00:00.000Z,0.2,3.13,0.8,0.6,1.1,0.409,594
2025-10-27T00:00:00.000Z,0.2,1.77,0.5,0.32,0.7,0.253,588
2025-10-28T00:00:00.000Z,0.2,5.85,0.88,0.55,1.1,0.703,594
2025-10-29T00:00:00.000Z,0.2,5.97,1.6,1.25,2.06,0.798,593
2025-10-30T00:00:00.000Z,0.1,2.35,0.73,0.4,1.02,0.374,594
2025-10-31T00:00:00.000Z,0.2,1.9,0.6,0.4,1.17,0.434,594
2025-11-01T00:00:00.000Z,1,4.38,2.2,1.73,2.7,0.727,594
2025-11-02T00:00:00.000Z,0.52,4.84,2.13,1.1,2.63,0.851,594
2025-11-03T00:00:00.000Z,0.56,6.1,1.83,1.2,2.45,0.773,593
2025-11-04T00:00:00.000Z,0.6,3.25,1.9,1.5,2.2,0.513,594
2025-11-05T00:00:00.000Z,0.68,2,1.19,1.02,1.33,0.216,592
2025-11-06T00:00:00.000Z,0.75,3.05,1.7,1.42,2.17,0.482,594
2025-11-07T00:00:00.000Z,2.42,9.57,4.79,4.3,5.32,0.995,594
2025-11-08T00:00:00.000Z,2.92,10.13,6.7,4.47,7.82,1.791,594
2025-11-09T00:00:00.000Z,3.35,8.3,6.2,5.25,6.78,1.053,595
2025-11-10T00:00:00.000Z,2.25,5.95,4.05,3.58,4.47,0.655,589
2025-11-11T00:00:00.000Z,0.8,3.8,2.25,1.77,2.67,0.678,593
2025-11-12T00:00:00.000Z,1.17,3.7,2.05,1.73,2.3,0.412,292